"data";"valor"
"01/01/1995";"88,6"
"01/02/1995";"50,1"
"01/03/1995";"95,5"
"01/04/1995";"55,9"
"01/05/1995";"54,7"
"01/06/1995";"79,8"
"01/07/1995";"72,0"
"01/08/1995";"62,8"
"01/09/1995";"63,0"
"01/10/1995";"70,4"
"01/11/1995";"45,7"
"01/12/1995";"64,9"
"01/01/1996";"51,6"
"01/02/1996";"43,6"
"01/03/1996";"47,7"
"01/04/1996";"52,7"
"01/05/1996";"53,3"
"01/06/1996";"49,4"
"01/07/1996";"61,8"
"01/08/1996";"64,5"
"01/09/1996";"53,1"
"01/10/1996";"69,9"
"01/11/1996";"54,5"
"01/12/1996";"58,5"
"01/01/1997";"90,5"
"01/02/1997";"59,4"
"01/03/1997";"71,2"
"01/04/1997";"63,5"
"01/05/1997";"73,5"
"01/06/1997";"85,1"
"01/07/1997";"125,3"
"01/08/1997";"80,5"
"01/09/1997";"77,4"
"01/10/1997";"99,3"
"01/11/1997";"66,9"
"01/12/1997";"176,2"
"01/01/1998";"49,8"
"01/02/1998";"35,7"
"01/03/1998";"47,4"
"01/04/1998";"48,5"
"01/05/1998";"59,2"
"01/06/1998";"58,9"
"01/07/1998";"68,0"
"01/08/1998";"47,0"
"01/09/1998";"55,9"
"01/10/1998";"57,3"
"01/11/1998";"40,9"
"01/12/1998";"79,6"
"01/01/1999";"60,0"
"01/02/1999";"36,0"
"01/03/1999";"71,2"
"01/04/1999";"44,2"
"01/05/1999";"57,3"
"01/06/1999";"60,8"
"01/07/1999";"40,0"
"01/08/1999";"49,5"
"01/09/1999";"48,9"
"01/10/1999";"40,6"
"01/11/1999";"43,9"
"01/12/1999";"53,2"
"01/01/2000";"42,1"
"01/02/2000";"42,0"
"01/03/2000";"57,3"
"01/04/2000";"65,2"
"01/05/2000";"115,3"
"01/06/2000";"122,8"
"01/07/2000";"111,4"
"01/08/2000";"129,5"
"01/09/2000";"149,5"
"01/10/2000";"122,2"
"01/11/2000";"154,2"
"01/12/2000";"289,8"
"01/01/2001";"140,2"
"01/02/2001";"142,5"
"01/03/2001";"151,0"
"01/04/2001";"146,5"
"01/05/2001";"170,9"
"01/06/2001";"324,8"
"01/07/2001";"257,8"
"01/08/2001";"133,9"
"01/09/2001";"115,8"
"01/10/2001";"182,2"
"01/11/2001";"145,6"
"01/12/2001";"234,5"
"01/01/2002";"169,7"
"01/02/2002";"115,7"
"01/03/2002";"180,4"
"01/04/2002";"90,1"
"01/05/2002";"111,9"
"01/06/2002";"183,9"
"01/07/2002";"129,4"
"01/08/2002";"138,3"
"01/09/2002";"119,8"
"01/10/2002";"90,2"
"01/11/2002";"103,8"
"01/12/2002";"288,1"
"01/01/2003";"113,6"
"01/02/2003";"118,6"
"01/03/2003";"132,8"
"01/04/2003";"160,4"
"01/05/2003";"209,4"
"01/06/2003";"224,6"
"01/07/2003";"152,8"
"01/08/2003";"311,6"
"01/09/2003";"223,7"
"01/10/2003";"270,3"
"01/11/2003";"126,7"
"01/12/2003";"293,0"
"01/01/2004";"146,0"
"01/02/2004";"118,6"
"01/03/2004";"172,8"
"01/04/2004";"149,7"
"01/05/2004";"119,1"
"01/06/2004";"271,4"
"01/07/2004";"154,8"
"01/08/2004";"149,2"
"01/09/2004";"118,0"
"01/10/2004";"193,2"
"01/11/2004";"256,5"
"01/12/2004";"376,1"
"01/01/2005";"273,0"
"01/02/2005";"336,8"
"01/03/2005";"354,3"
"01/04/2005";"269,3"
"01/05/2005";"371,4"
"01/06/2005";"402,6"
"01/07/2005";"278,3"
"01/08/2005";"362,8"
"01/09/2005";"274,6"
"01/10/2005";"322,2"
"01/11/2005";"398,3"
"01/12/2005";"564,4"
"01/01/2006";"361,7"
"01/02/2006";"310,8"
"01/03/2006";"490,0"
"01/04/2006";"289,6"
"01/05/2006";"486,0"
"01/06/2006";"445,2"
"01/07/2006";"405,9"
"01/08/2006";"404,9"
"01/09/2006";"352,8"
"01/10/2006";"442,0"
"01/11/2006";"473,2"
"01/12/2006";"501,4"
"01/01/2007";"464,9"
"01/02/2007";"370,5"
"01/03/2007";"594,9"
"01/04/2007";"414,9"
"01/05/2007";"499,0"
"01/06/2007";"410,1"
"01/07/2007";"544,0"
"01/08/2007";"465,6"
"01/09/2007";"438,0"
"01/10/2007";"546,8"
"01/11/2007";"571,7"
"01/12/2007";"481,8"
"01/01/2008";"553,8"
"01/02/2008";"449,8"
"01/03/2008";"509,8"
"01/04/2008";"387,5"
"01/05/2008";"568,0"
"01/06/2008";"603,5"
"01/07/2008";"549,4"
"01/08/2008";"619,5"
"01/09/2008";"821,6"
"01/10/2008";"852,5"
"01/11/2008";"770,1"
"01/12/2008";"1177,4"
"01/01/2009";"614,3"
"01/02/2009";"633,8"
"01/03/2009";"713,9"
"01/04/2009";"875,1"
"01/05/2009";"733,8"
"01/06/2009";"824,9"
"01/07/2009";"814,0"
"01/08/2009";"773,3"
"01/09/2009";"933,5"
"01/10/2009";"1018,9"
"01/11/2009";"753,1"
"01/12/2009";"753,7"
"01/01/2010";"987,2"
"01/02/2010";"872,2"
"01/03/2010";"1367,4"
"01/04/2010";"1142,1"
"01/05/2010";"1221,4"
"01/06/2010";"1269,6"
"01/07/2010";"1182,2"
"01/08/2010";"1387,6"
"01/09/2010";"1452,7"
"01/10/2010";"1364,7"
"01/11/2010";"1331,6"
"01/12/2010";"1514,8"
"01/01/2011";"1247,0"
"01/02/2011";"1338,3"
"01/03/2011";"1363,9"
"01/04/2011";"1423,8"
"01/05/2011";"1572,3"
"01/06/2011";"1549,3"
"01/07/2011";"1488,9"
"01/08/2011";"1508,6"
"01/09/2011";"1507,6"
"01/10/2011";"1658,9"
"01/11/2011";"1471,6"
"01/12/2011";"1881,0"
"01/01/2012";"1783,0"
"01/02/2012";"1355,2"
"01/03/2012";"1660,4"
"01/04/2012";"2009,5"
"01/05/2012";"1734,1"
"01/06/2012";"1793,0"
"01/07/2012";"1679,0"
"01/08/2012";"1458,5"
"01/09/2012";"1694,0"
"01/10/2012";"1930,8"
"01/11/2012";"1607,5"
"01/12/2012";"2009,3"
"01/01/2013";"1743,4"
"01/02/2013";"1429,8"
"01/03/2013";"1893,9"
"01/04/2013";"1877,1"
"01/05/2013";"1741,5"
"01/06/2013";"1274,8"
"01/07/2013";"1719,6"
"01/08/2013";"1635,4"
"01/09/2013";"1871,4"
"01/10/2013";"2354,5"
"01/11/2013";"1621,4"
"01/12/2013";"2270,7"
"01/01/2014";"1809,3"
"01/02/2014";"1656,0"
"01/03/2014";"2043,7"
"01/04/2014";"2057,9"
"01/05/2014";"1871,1"
"01/06/2014";"2064,3"
"01/07/2014";"2570,6"
"01/08/2014";"1541,7"
"01/09/2014";"2437,8"
"01/10/2014";"2273,2"
"01/11/2014";"1841,9"
"01/12/2014";"3015,7"
"01/01/2015";"1707,6"
"01/02/2015";"1798,1"
"01/03/2015";"2646,2"
"01/04/2015";"2086,9"
"01/05/2015";"2247,7"
"01/06/2015";"2094,4"
"01/07/2015";"1939,6"
"01/08/2015";"1627,4"
"01/09/2015";"1944,3"
"01/10/2015";"2227,5"
"01/11/2015";"1823,4"
"01/12/2015";"2411,9"
"01/01/2016";"1823,6"
"01/02/2016";"1656,1"
"01/03/2016";"1899,0"
"01/04/2016";"1938,3"
"01/05/2016";"1838,2"
"01/06/2016";"2010,3"
"01/07/2016";"1628,6"
"01/08/2016";"1481,3"
"01/09/2016";"1748,5"
"01/10/2016";"1767,1"
"01/11/2016";"1583,8"
"01/12/2016";"2150,7"
"01/01/2017";"1790,8"
"01/02/2017";"1428,1"
"01/03/2017";"1707,8"
"01/04/2017";"1512,9"
"01/05/2017";"1469,9"
"01/06/2017";"1850,8"
"01/07/2017";"1204,3"
"01/08/2017";"1199,8"
"01/09/2017";"1340,1"
"01/10/2017";"1389,4"
"01/11/2017";"1607,6"
"01/12/2017";"1869,0"
"01/01/2018";"1252,1"
"01/02/2018";"1152,6"
"01/03/2018";"1352,2"
"01/04/2018";"1369,3"
"01/05/2018";"1242,5"
"01/06/2018";"1320,7"
"01/07/2018";"1142,3"
"01/08/2018";"1358,7"
"01/09/2018";"1176,3"
"01/10/2018";"1386,0"
"01/11/2018";"1458,0"
"01/12/2018";"1655,5"
"01/01/2019";"1048,8"
"01/02/2019";"1057,8"
"01/03/2019";"1226,8"
"01/04/2019";"1409,8"
"01/05/2019";"1391,5"
"01/06/2019";"1272,5"
"01/07/2019";"1615,5"
"01/08/2019";"901,1"
"01/09/2019";"993,4"
"01/10/2019";"1540,1"
"01/11/2019";"759,1"
"01/12/2019";"1456,7"
"01/01/2020";"918,9"
"01/02/2020";"1290,9"
"01/03/2020";"1460,2"
"01/04/2020";"972,0"
"01/05/2020";"1224,6"
"01/06/2020";"604,4"
"01/07/2020";"1187,3"
"01/08/2020";"924,8"
"01/09/2020";"892,9"
"01/10/2020";"848,3"
"01/11/2020";"755,9"
"01/12/2020";"943,3"
"01/01/2021";"791,9"
"01/02/2021";"516,3"
"01/03/2021";"478,4"
"01/04/2021";"527,1"
"01/05/2021";"617,8"
"01/06/2021";"565,7"
"01/07/2021";"685,4"
"01/08/2021";"618,9"
"01/09/2021";"617,6"
"01/10/2021";"608,7"
"01/11/2021";"567,6"
"01/12/2021";"661,4"
"01/01/2022";"734,2"
"01/02/2022";"678,5"
"01/03/2022";"739,6"
"01/04/2022";"701,1"
"01/05/2022";"711,1"
"01/06/2022";"931,2"
"01/07/2022";"756,6"
"01/08/2022";"769,8"
"01/09/2022";"742,0"
"01/10/2022";"722,9"
"01/11/2022";"677,7"
"01/12/2022";"871,5"
"01/01/2023";"828,2"
"01/02/2023";"711,9"
"01/03/2023";"906,3"
"01/04/2023";"715,5"
"01/05/2023";"675,2"
"01/06/2023";"821,8"
"01/07/2023";"858,0"
"01/08/2023";"859,5"
"01/09/2023";"782,6"
"01/10/2023";"877,3"
"01/11/2023";"878,8"
"01/12/2023";"885,1"
"01/01/2024";"801,1"
"01/02/2024";"827,5"
"01/03/2024";"942,1"
"01/04/2024";"889,5"
"01/05/2024";"983,6"
"01/06/2024";"942,8"
"01/07/2024";"967,6"
"01/08/2024";"993,9"
"01/09/2024";"917,5"
"01/10/2024";"954,9"
"01/11/2024";"925,4"
"01/12/2024";"1128,2"
"01/01/2025";"949,6"
"01/02/2025";"1013,0"
"01/03/2025";"1103,9"
"01/04/2025";"982,7"
"01/05/2025";"1068,9"
"01/06/2025";"1084,0"
"01/07/2025";"1036,9"
"01/08/2025";"943,0"
"01/09/2025";"932,7"
"01/10/2025";"996,4"
"01/11/2025";"978,4"
"01/12/2025";"1010,8"
"01/01/2026";"1157,0"
"01/02/2026";"1061,2"
"01/03/2026";"1063,2"
"01/04/2026";"1139,8"
"01/05/2026";"1107,6"
"01/06/2026";"1069,3"
"01/07/2026";"1066,0"
